ASSET_IDS,URLS_5,URLS_10,URLS_20
6YLWEERYXPJJK2SZYTRHOSXR58,assetId=6YLWEERYXPJJK2SZYTRHOSXR58&assetId=Q2W7ZBERM12LM19G11GE1TZXZ1&assetId=4KKSLEF4X1SGDCGEF56VJ2M5Q1&assetId=GZGR8GVNY5F22MW5X24RE8F4MQ&assetId=QM9PWDFTB6Z88NLHSZO3494GS1,assetId=XGH2G69NYLJP77LKGGZJTK4G8M&assetId=E11522C1CNOGL97M1GEM1MQNZQ&assetId=OR5GQNNX3G4FGH763JSP4CXF4Q&assetId=G4GRKGKCYF77Q2QZDGP1RGF6XO&assetId=TS4B4L3KWFPOPGJ4LJQ3XH9RCO&assetId=3LNFKELWSYJEHYJGLFSQ5DBS21&assetId=MZZCB8J6VBNWN1MVE1VV92958E&assetId=2WWWWDJXNS4DKT67FGY8NFRSH8&assetId=P2O81V8LE4FCT62DEOBX6L32MY&assetId=44V1PX9N46Y7KTZ3SP1WRMVNP4,assetId=YZZ8VT994SKCDEHWKNO96RQJJE&assetId=XXWENJCGGGSCESCQ4DBFEX3J58&assetId=ETTYF2T7RP2666R15JVBL7MYBO&assetId=T641Z9ZWQPDJS8RHEFPTWWNX88&assetId=H34X7G1NHODLK1BYTM8X3VZ581&assetId=POHEZ7R5QCZZ8NJNR8HKKRZ53Y&assetId=BDB9WXTGTN94HK3CZB5PJF79HO&assetId=GQS9RZ2EESYWQFRH6OZDWF96ZE&assetId=2BRQRLK2QBBKQLR5OJCYRGLW5M&assetId=NLB2H66Z8V153Y54TRP1M16LFM&assetId=HPL8FPQNB5ELXOMW135FLYPQTM&assetId=NDYX67HGJBH11JGJTOD1B1OBK1&assetId=9WV7ZWWVST651R3NVCTR97N8H1&assetId=ZRRNHBKNHECWK37F8NEKW91JRQ&assetId=35T4DRMQF92PV8FXQMFVD5R6KM&assetId=R8KZMB31DY9N6HCSJMYOP3KCH1&assetId=WTTK1CDP1YOMC619KQQ4J9R1XY&assetId=6DD56HMDQCF5QVOM5QJZZFODYO&assetId=N1F7322W4N8FXYTFCZM5ST6WS4&assetId=K4XRY7F88XOONGVBT3LY4C9EX4
Q2W7ZBERM12LM19G11GE1TZXZ1,assetId=V3Y81EKMFG7J3178JXSBZNFK74&assetId=X4XPLGLF974OVLZY76ZHF91J48&assetId=EKCGRJLN2H7QNKTLRVZQB6KFWO&assetId=XD8243F6E5QHNDTPNN1LNGN2LE&assetId=GXSTL6HFVBDQJNFZLZPPG3PM28,assetId=ZHGG28NSP517P4CRW9W45QWDM4&assetId=5W1KHTR83EDOLH8Y9N2BE1TTP8&assetId=EYLRG471L936KFTHEO7RKPEV11&assetId=2O1CWHKGZ4V6VP3C71BQPWTYO1&assetId=WJR79CK7JKB69526TBCK47N9WO&assetId=OMGMZFSQJRQDTHHM5ZKT7C1CT8&assetId=P3E45DE91E56FXPJOKTXHDEQ3O&assetId=BS31DPVNDLN17CHNNLYSVYG1T4&assetId=1N4FP5YT34OXNQ8NMOWNN6X3WM&assetId=6LFK2X3YKWZP8VF91XPEN8HJOQ,assetId=NWXMJOMQHEVTXZVG6L4Q1J7O8O&assetId=BTM5FE7HNJ1JRKV3N5MVR1LGKQ&assetId=HOXXHJ8SR6SOXZE6RB8RSSY5QY&assetId=EJR6HYEFFTMWET78ZSVSL3G8FM&assetId=O8GZL7YE6PVCF1MCGBYDMVEDL8&assetId=MND88Q13D4FHYN1O2W1F2M5EBM&assetId=CJHDZCT74SSK4ZHGYZFH7BWDXM&assetId=Z2D76MLZ1P5R6RO6SZVX91MCCE&assetId=G4SCJR1G138MLO7QV79XN449CQ&assetId=8KKB8K2TQOTWH3EJ8SJP187MCM&assetId=X41243RWLPX9XEEGBEVQMSF451&assetId=OWQSJD9BJBNTMNL1BD6N7GO2G4&assetId=6GVXDRVRPD8EDC5LN87KVQG6N4&assetId=GJF86NOQZ9SJ8C8JVYNEHGDY5M&assetId=LH8O7ZCS6H5Z26PZYMMKJWO1TQ&assetId=L418KH5W8H9CP46JH3NE5VZZLM&assetId=FBM6VENZJ2DX7W5LBGG89Q75D1&assetId=C9QTO188QMBPSVQLG2RS4FVWYQ&assetId=12BMPRT6HVZTZMZLH8HHLHT711&assetId=3CGNMLFDL6Y141BDX27BF9NWWQ
4KKSLEF4X1SGDCGEF56VJ2M5Q1,assetId=TPX5FHPM23MSX9393GONMSHV1Q&assetId=77NFBVZ4KV3WJ94LK1VLS6MR5Q&assetId=FVG1BL92PLKSFF659LKZC8M3KO&assetId=423KHONEKR1PH4B1CYOO86JW54&assetId=WCKG18EQDVPB34EOM4TEDD88H1,assetId=N179M59Q6G1M8GF1SB1JTPR38Q&assetId=D1CWWJQZ5JZFEGEFMFHDT2C2RO&assetId=RM1PXBOP9MDCVPYZC9V7ZRKRV4&assetId=VT72F8G6S2KO2QF7MHTLR5S3C8&assetId=F5HO1BJYWPR7DW437YD4194P8Y&assetId=9923T8NCGCZRGFTYNEOCRYYB5O&assetId=LSW4JLK6T8KNVFLWFQQYQZG9RO&assetId=3NKD98N33LDX8XDGB28B2OPLQM&assetId=HOZLK29OLZJ46YEVR2WXTLNEOQ&assetId=FRE4Q85FK45FOV4ZKL1YGX33D8,assetId=RNF3GWELW811MRFNHYJX6RSSFQ&assetId=7Y95V3R6WL17HSZEYTYVL5XDQY&assetId=HFPN9CPR5RD45VGZ9ZTPT8B1X4&assetId=5FRO1Y7FQE1ZL64DXRDRX3O4QY&assetId=G4EQRYW1D7JMHE8O5EE3BTZT5O&assetId=HSRPH145Z1JWXR2JX98F26S768&assetId=2VJ4HMYV7YQ5R2ZW3VCKF6MKBO&assetId=3GR212BTSDXSX1GWFLD1V1QGM1&assetId=LME2YKS1LRWD2Q573KCZ829M8E&assetId=QCY3POTY2OD4O4HQ7Z3HL25SM1&assetId=5LQ4O74FY8OJ16SH9Y757Q2QVO&assetId=Z3DQ7QFE5MD5QN9PV4C9VF5ZX1&assetId=2QL5Y6NDCFG9HQ9C2CQN56NMMO&assetId=YXGFBMBNR1J3B5F96NTMX6SC38&assetId=WQDKV2S1PGPH7KV7BZBGXCGVGM&assetId=PK6FYPM3LVMK85XELFQLGDNFF4&assetId=YWVHYP97E6RT6KJMDKX84DPHNQ&assetId=VSJSOTOOPDDOMD771BDJMF1OYQ&assetId=ZLKJRFNGV43D9GM34WC24DR1F4&assetId=7F23446SBJZSYW3FLZC57KC5J1
GZGR8GVNY5F22MW5X24RE8F4MQ,assetId=GXN7BS79ZCT9VV2VEQMSN398F4&assetId=Y23V2WYLF7WETNCDWHZP7G4W71&assetId=DOD58318Y6MY74K73WDMQYMVYM&assetId=ESF7EHX34RR5TEOCQ61BKOQ6C8&assetId=3F3H7MZ8KBHTEFOBLK6RNRZ92E,assetId=OM7S63MLYSKKDBWG88QXO8K3CE&assetId=XHNRHOK1QM6PGXCJ6FEFM4RL8E&assetId=K8BZRGSPENMYD2VHYDYT2EZ3Y1&assetId=5G13PC9B8RFNH9OREW5QZ2VX5M&assetId=6RG1E71T1BJNLODYEYJQH2SPMQ&assetId=49VR2K56MXYRBVFCJHGKLO7KGQ&assetId=DBYKZY4SB78L18E25DJNTF9HVQ&assetId=CBX6PO959B3152KMFWPVYM3VYE&assetId=6QSXDTLRL6FW96Y9E312T7HP3M&assetId=ME87EOJ2QSXKKR4K7P14286Y58,assetId=LYZJJOFDVRY31LRWZM383VQWY8&assetId=OEPMWFNCHNWOXW7VNH93J86WZY&assetId=C2FTBR2JE62L8BYZ5QQR93VMFM&assetId=4OBSKXZJG7YXS9YWTH4SKRQH9E&assetId=J9JM4QCYFDFC3M8WJ9ZL5DJFGM&assetId=WWTPXJ3S1LPOLJGTR1THC6WCFQ&assetId=4P5PJMT6GFSFYL5DX5V29CNMY1&assetId=DL58S3OF5HHBH73YLY18G55P31&assetId=8JYZ2L7VJT3QCWDRG1TRCD89SQ&assetId=74MNK2ECL7ZHBBCFFQZ7E9WDVM&assetId=9MSLZDCWFGO7GG7OY2T1YYJNRO&assetId=JPXYE714G7WR45VQHSBYZ3MDQ8&assetId=BOZOB31Z78Y9MXMNV4MCEQJO5O&assetId=B7ZTSC6H9C9MRB2ZFXZP1TGEVO&assetId=3X4W6KYTVFKVJ96JCXM23N45CQ&assetId=ZK9CNTDY35GJXYKY2NY7EN3QZQ&assetId=1M4WZH1EL6JEP937RNFVR4ZOSE&assetId=Z174C2ZLFGPW4BV3G8WY1G334Y&assetId=VPGZRKKPODWS5W61TW2ZGFHTL4&assetId=B8KKVSMN794HRJZMTHSXXW9ZX8
QM9PWDFTB6Z88NLHSZO3494GS1,assetId=FHT5JJ2OKMX9DT5G1WF6K2G9HO&assetId=HPHR69M2SCFX82QWDEYKEWC2CO&assetId=9OTF1COLMT8NYXW23L8S646YPM&assetId=6L11GL2XBSL1SNYBZVEBWXC7NE&assetId=C3O6XJPVPFH1KPFJY5QRGBJ15Y,assetId=8Q8WX96JC37GC3NQZM75V8P684&assetId=WYGNGYEBEWMW6FZ56QRJ9FV57M&assetId=24Y8HXV8H6T7KSD2XRHTBKT18M&assetId=36K8P8CV5DZJSGM9FTT93W1MZQ&assetId=KFTYBQ6PFOZ26761VWMHBKJVQ1&assetId=LP98MWMQS1X8ZWHGGCWXZ5FQR8&assetId=CBO1HHLGE5FNYOMP3D5VMHM3W8&assetId=B7WPCL3FJ7O4ZFHVH64NSGRQ1Y&assetId=9YQPDDCOHDDBKOYWY72JHD2W4Q&assetId=DPPRKHBJ313RORH1R1R5D1OV5Y,assetId=QKT1RHYVT64KO47T54GLYBCXO8&assetId=ORRLKPBN545FXV9FTYNNDM4TSO&assetId=WMZ9KJ4L2RF45HCB662LVQ7OSE&assetId=OKOJQPERDRPJJKSPMKVFWL5PG1&assetId=NGVEM3K2BGDKKQXW3DYLK57P44&assetId=8Y5D2N3CMD7LL4FCCEJKMKLWRQ&assetId=8HJQ6X1JBQWLR2C2KYTN2PQSS4&assetId=C712V7RJLH4DQNFS9QSL86DESO&assetId=WE3GKJYPJVH2F4ZM81PTS5DRQM&assetId=MHXM5CVXDF9K83KP5WRWLRJ2KY&assetId=RB8BGLFZDJKZPR2QM3VT18HFRO&assetId=HYN7C5V41M561DFTWG1HHQRCSQ&assetId=2OJJHEYKPY1C33QX9KCKE7N3D8&assetId=N5NS8KDBTRWKW511Q1QRE9MKNO&assetId=H4MTYO3D74JNESK2QE6NXOXP5M&assetId=DEFOO69DVSL9M3M9SGK2EOJ864&assetId=8X6N99K7SSTVXL57C829LS8M4M&assetId=RYWBZ2KJ73DVP5VWEODYK6RMG4&assetId=F95TBTGGB8RW1CW76L8HJDM27M&assetId=BNF8TC97WKPZVCJZ6D3VW9YF2E
V3Y81EKMFG7J3178JXSBZNFK74,assetId=HOWDROPTHC37DMWWD88SW2Y3O8&assetId=27NQ9DQD5VLXPDSCF6ZYVCQM94&assetId=P2Q3RFRL42CGSO8S2LBOPRCO4E&assetId=55YL54YQVJKZ3C8YRYHJ12P3SO&assetId=DG7DYQ7NM1OMTOBCZM992PCJ1Y,assetId=26HEF238LHEQM5BEB8ZMMLXMN8&assetId=8ET8OONO44SSW9MVNYHST5L2ZO&assetId=QFG6TEHSPH93X2R3JPPXX9VT28&assetId=XQYKZ4SZZNR5LGBP9HK7H92VXE&assetId=HJJD8QTZ527TWLEOMSK22T6DYM&assetId=NGHSFHV33XONE3HTL4KNR36TB4&assetId=VFG9C4N4FEZ4OXYSDM9V3BQW88&assetId=FO1X32HCFHGHSS2WDFH6BD2JY4&assetId=BBYTL6W5B1H6TQ5RR9CXJ8JQXQ&assetId=ZKCKRXMMKX9XVX8ZQL5COQ7WME,assetId=BK6TJNLTRVL4RXLKYB5LV6CFR1&assetId=TRP6D9VKOL8FBSDRG3LTB27BSQ&assetId=RB7FS6TSH99VS26Y3PP95EOGYY&assetId=1H9748HSEQS6NR6OMG361B8JT4&assetId=4XXDZHKNVSXPE9NCPZG2VGNXS4&assetId=NYSH4O3L6422BE2WJLJY8PEQVO&assetId=52J3V2BZT1D6MR7G8LV2OG245O&assetId=4PJY35P2QECTQV653BXJP7TYQ4&assetId=OK5XZXRDL8F8RVC6VW3RO35DQ1&assetId=2SM36N9X8D5J34JQ8V67KOKJS8&assetId=8X1G422O9VBWM47FO42DK2KXG8&assetId=V568DC6XTJ88TQK27CNJZVETV1&assetId=GSNYP3VXOQXJP52299Q7ZPEB8E&assetId=PPZTX3HPNYKF3C8GK4QXJECBNY&assetId=DSLJYQPVO54EZBPX3C8CS191OY&assetId=O843TYBVLE8ZEEXM9BZTYC6FFE&assetId=N2KPRGFJC3DQJK8FFQ95KFSPBM&assetId=JVHQPNKK1Q5GWTT677PN3T7TRO&assetId=G34MLQZRSG71YODDGMCC8ER6FM&assetId=K3MD6T6RPNLZCTZ7WYGZ14DYVO
X4XPLGLF974OVLZY76ZHF91J48,assetId=CVSKNJ6NE9WYTCN93LKQV6VP5M&assetId=VBXY1RBR26XFMNZZXOTG8WCKH4&assetId=MSXTMMJ1HREVDB7TMVVHD7VLMO&assetId=E9OT6WEPPGR7XKCS5W3LDPPZQY&assetId=VXL2PERMX3BYRCFNFY5NEZ12YM,assetId=7CGKRKXXC8RVGHQWBC9XN29PPY&assetId=ZSWTN4TXHRY7XQDLKKH6PKQRH4&assetId=K3R2CJQBB3DF3TOXVOCR6TPPW1&assetId=TYLWN1B3QLDN9WS79SSJXZVGFE&assetId=Q4P2XNSBV532KE6CX49V1EJC71&assetId=O8CKXBG6MZ8SREEL2847OHCSHQ&assetId=QVCBM2F9FMHQL59ZXHO3S9HCX8&assetId=DPX92LXYNR7Q5H64NHOXBQ1QR4&assetId=622VCSOXYV359V4WXQQMVJQ8PY&assetId=TB84NM4X581TZEBG46EWOWKOK1,assetId=RKJE2SKG1OE9QXM1N9E2RFFJW4&assetId=FD8KJQ7G78M93YB82O946X7Z88&assetId=4C7JFG55G67GF3627ER1F5TVNE&assetId=3QHMP7RBZQZJQ7MR4K2CE6JTOE&assetId=EJ221EF52RDY8F485KJVN4EYL1&assetId=34J7BQJYGPEH7KXHMJ6QE5PK44&assetId=OJZT8TTKSH3NVLWEL5GYH6FWTY&assetId=8GE4LXPQHHC7RMV2BD77CEGHTE&assetId=YN8MEZRNB8BLGS35YSPRS4Q8BQ&assetId=R298P9CKTPFJR5PNF4VQQ9GG8Q&assetId=N17STSKO1W1GSLHPTFJTOPTXHQ&assetId=1PQ1YQV3NDFN26OWWVVBPRZWJ8&assetId=CKHGR6VT44FMO1K7S153Y5GYDE&assetId=L3KCVJV9GCVTTQQZMY5DHOYPXY&assetId=T3K3P6OT7XP3MJOWPLMVE9522Q&assetId=VXKSYF5NOGQ66S98XK5DPM2PTO&assetId=B37ZP2RJXPP665XRQSZT15NJ78&assetId=ODQBR2XWSS5ML6LYNG5XBPK851&assetId=29SP74RZVYTGDXM6OW5HH8W8ZQ&assetId=BCP2PHTKRLR33P3CHMZ487ZGXQ
EKCGRJLN2H7QNKTLRVZQB6KFWO,assetId=8PLT563HZBL691N3RBFFPYF8FY&assetId=BB2E6X7WFZ7P79EN16FZYMNROQ&assetId=MJ466W6LXO54JG2ZMSDYTK7FNM&assetId=4D46JMWTNTSXXM3GWKEO79HZWY&assetId=R4F432ZN2JYF18ETYFRC256Q5M,assetId=W35KS3OZVN781P2RLWHCGEGBWY&assetId=MGW91FCGRSSFZX21SYL3WPWPY1&assetId=2T4D6MMZKW4H7Z4PDN9MBHW1OM&assetId=76JLVLVY19NQW24ZYQBV7Q5GN1&assetId=D3C8X6FJVV1B529VDWKE7BCGN1&assetId=VPFDOCZ74OFCNZ3C94BYSZ6TME&assetId=N55ST17OECXONXQM8S6HDZHDNY&assetId=TKH7GCKDBZGSCPCFEB6TZSNJYY&assetId=WNH4LBYGRXQ3ZQDKSVFJ94VM3E&assetId=PGYNOYG91Z7G9F4G843DRGPYCM,assetId=ZEYZYZ3MO51L9HRLYDF17P4Y4Y&assetId=BWD95TZ2QNEQ5MTCYMT4BPEYMY&assetId=5N73QVJ4D37YP7FBBVVZRH59G4&assetId=HPCY6H6O5G8EEYX7H6DHGKL3YM&assetId=9FOTXQ9WRQREHSTP4WMC7XGQ1E&assetId=KQXZ3XDF4DVX3CHJESSFV3O8T1&assetId=VN4DH1GTYKX93B8N4ZN48HELQE&assetId=PRGO2WY6ED4HVTLD3KWYBNMWX1&assetId=L2Z13LP7JYVEMOJK6EOXMDLHR4&assetId=PYZ28ZV5ONMHZ6TMSVTSBPMYJ4&assetId=QN67J7T82YGDB2S5HFXRTK1ZK1&assetId=H1K8FT81K2EPLWQEMYMELF19OO&assetId=K67L8PLCQON6NK1C4R6RSO6J41&assetId=YMZFZ6JVCPD1NSGJQO5O4BJCTM&assetId=MF9WBR5JKQJG56CB9YBFT4JWKQ&assetId=SG3ZPCFW2GC2PL6Q2PJ8BZEDFO&assetId=Z4E4GZ2TCSKX6WBQRSCHBXNX2Q&assetId=NG1NYVMNELPSSOJTDTD9KEKQK1&assetId=RW9WVQVK7G4YHVS3KNS7Y2OMHO&assetId=7DBGMLW5XDGOPBQVNLGRQN9DVY
XD8243F6E5QHNDTPNN1LNGN2LE,assetId=ZJ6VMD51LPEM62T7Z8W84EZWTO&assetId=NQSGMK5WOEK3WPL2BZYD2N7FFY&assetId=961KQNOZBLSY6KP2BLS332QM6Y&assetId=1NL3WDZDR4HCSYM28HTWJDEG2Q&assetId=TF2C469NPFK3DO174YJYHDRXXQ,assetId=BDJH5PSR5NHNRFHM2QYTWP9DWO&assetId=KFXOSS817YJHFMESSRSVFTY3KY&assetId=MHCCEWKB8MMELVMRZBOKZ2ODB1&assetId=ZK7F347DJJWDGV3OS4CQN5N6B8&assetId=QWK2SWE9P8CCLLKVJ7155P1SE4&assetId=S836V3CH5X4595FKEECNE99K4M&assetId=L3E1D4LGSLSFVLDKVZMGE5BJVO&assetId=3JQC8Y8O166OPRPCSVPF3KVE24&assetId=3VXGFTTQMC2GBOJ5QTPLCN4S9M&assetId=2GEVVKJWRJ4SH8K3N9TFCCS6KO,assetId=WY7T98PGPSGDZTS2X6TNWQG9BM&assetId=86RGVLKMRCB13962G89XN2ZWTY&assetId=2YOYX4XK72WK96TSDQJVLC41MQ&assetId=HEV737JKB48CXXN7SGSN9L8NC4&assetId=SBJV4PL2Q3JHSX6K7T6DJZXKJQ&assetId=2H8QJ3BCZ95GSGXRGG2CEXP9XM&assetId=NDLGHESHCVSQKMZQB4X1288HS1&assetId=T3ZEGEVR6JZ2HEGPYG25ECJPT8&assetId=XL3RLLOHHM8Y136DH65L4FSHX8&assetId=B7FNKO6KTPW1LDC5DDT7MBCEW4&assetId=O8FVQ6K6XGJKGM1JGWDOYNLYSQ&assetId=5SVGN9VOVQDKPEGTCSXBYLKM31&assetId=ZE3VOH8442L1GCZ4ERBH3FVTVM&assetId=QLMDTYDEZF8VRQNJFRSS9GYKB1&assetId=XVB8TKRYNH4HS66GJ98HM7NM28&assetId=OZB8Y4YQWE14S7W8YKMOZ5Y9WE&assetId=89YL3YHW1TRFG9BKS7XJNRW4BY&assetId=4NJV4PRHEVQDNZNCYLLHD2RJQE&assetId=J2Y15KHNBKH6WKCYY52F1PJOZY&assetId=E1ZT23BHEDMJ1WSCQE9866GOX1
GXSTL6HFVBDQJNFZLZPPG3PM28,assetId=6CJ665D3C4RTCH5VE84XOY2L5Q&assetId=F58YFBHZL4KV5LP7SXSQF7Q42M&assetId=YWYVPK577PZ67ZV8VHSQ5L7JBE&assetId=GQ2N1XBVEK7YR6HZOLKY4QJ2MQ&assetId=QWTJNLP81Z3V1DKONRVZF4FTXE,assetId=ZW828Y86S8ECV2KMVKLQ56QZ2Q&assetId=R8KFH4FTE4P1CEQWTZPNQ3KVN4&assetId=PWYHJNV1PFDM3O7G2XQDV6GD5Y&assetId=B9SGCWPJF476ZGE9BT6ZVBQ8ZO&assetId=M3617G38VTFX6FQS4MX49V5XS1&assetId=6QKM5TEYKSLY9CEPZ2OXL726WM&assetId=X3NJJZ4NQNZ2VEQ871ERH5SF68&assetId=W7MZ7T91PFN5RQXC1739H6OGCY&assetId=TE8RVBNEMN463GZLDVJ6EDTEV8&assetId=F4H77J9LJER3CPM1MYMGFRVTCO,assetId=X4GJT1N44ZSO1YXQ2DKTY4NXSY&assetId=Y6LS8OJHJ7KOZ2K674Q4GYETS8&assetId=J2EX334Z847SHQYBPONY3OQVOO&assetId=W4FX85D2RVG4H8SKPOC3P14QFE&assetId=DKRDLM2XKPLYDT5XPXX43C8GTM&assetId=5QDQJVC5LE7QPY7C4QJWE3WDRQ&assetId=ZTE7Y5MEM4GEGBNB8BDOVO3KXO&assetId=O5KOF3DVHJGP1SBHQQRQEVKVSY&assetId=XEGYQQGD5QZ1CY7R4CR5G2J8O8&assetId=5KR1BPXWNEQFFCMD7MKS7YZRH1&assetId=MST4PEODY85YVKGV71TGTW8858&assetId=P35HZT4ECX3WR25SDGHC514F5M&assetId=R42N7HROQ56EOLQ71YEV76G5G8&assetId=LO7E97EQ71ZCP8BN5D12HM5R28&assetId=N6E4ZQSCF71T1BC7JW32DMVG51&assetId=MKDPWOO6S7ZM982Y8966818MKM&assetId=CO1OPNYMP1DEB6PQPD16DKE1OY&assetId=P1BCDVGCZ4B2RKMQPFZNC3N42E&assetId=JCGCSM8Q4B68MFE2HY19N78JXM&assetId=BLE2KNN3W4KFX61GR93825OE3O
TPX5FHPM23MSX9393GONMSHV1Q,assetId=XT11Y82NODH3EKZRWMMDHG3L9Q&assetId=B7BXHVPP9DDXJ5XP5ZLC4QOO14&assetId=G5GHZLD6JP84D28OC9YBFWQ2P8&assetId=N63GD2Y5LOCKDM475BW22BHQ54&assetId=SJ2XP4MQT3Q226EXOKXLW16JHY,assetId=WW38NFBHF8KHJX8C3NPYFZQHNM&assetId=ELJW574K7KP14PD2KMOXNRGM6E&assetId=Q6LYFPJVFEJ5ZEQ1ZESTXYVMQE&assetId=9TSPCSGZ2LE53ZYGPKEB291694&assetId=NR9LBC6J7B1VNH7OEKQ6KV9KMY&assetId=KEB84TJ6OWZJ5S297CX4LL2448&assetId=VWTT9Q4DZTYH7XTH79X67CXJCQ&assetId=SJ7VQXOHMPCGQQ7G524PRY9S21&assetId=XWR6PFB1F4MGN8NBC6G2QZJLY8&assetId=EVRB5G1GYPWMZESX66O7FHQWHQ,assetId=QGRVFQ44P6NGBO832BDEYD5TJ1&assetId=WEN4O6JNE45TENLKW7C3LKBG2Q&assetId=9NW8VPPJB5XL6QGYGVFQ5ZGBKQ&assetId=VK4B5YGR5WE6328O57MRNBW4D1&assetId=JD66D983W4RCJDXTSWPO6CSH41&assetId=K7C8OBDWHHE6NGXVGGX5Y6TKFM&assetId=ZR8LLFXTSNW3261NQLF3VGOOJ1&assetId=TNPDJRSS9KMVOKFLSKEJO5CVJE&assetId=MNKC59482HG1XJYD6NMKP6W431&assetId=D6ZS3259M299WKM2ZEX6FY9FMO&assetId=DYLDXLG4LSHVQ9OYL5PLZX67Z4&assetId=LFEOK4OBML98CSLN3QYPH7FJX8&assetId=MG49D1GN9EDH4OR1F5T9C4ODTY&assetId=5DOXN5RL3OB8KY1LVQWOX4HCPE&assetId=J6X6PO1JXOEJWGP535LC2ERVJ8&assetId=WCG8CZR3DXO8RJT3VJS9RSLBR1&assetId=JZRERJGEQKDE8EGPDLTZPDPMJ4&assetId=T4FKOD5PB846LGOGJ184E1NDSE&assetId=3XCTC7MLBXJ6MX3YN4M51SHMBY&assetId=4R7ZQC3CVDKPQ5Q2DWQW6BWYOY
77NFBVZ4KV3WJ94LK1VLS6MR5Q,assetId=7CDXC6OZ2QM2MWV7R65ZPTR4PY&assetId=SJK3B2QDQM4SEVCFCJVP3NY2SE&assetId=EJQG9N3T1QJDNTKH9B3ZOOJYDQ&assetId=KDWEDOYEXMT53KH11WP75JO3BO&assetId=EENKJNOBLCSRFL5ZWNV9HYSV41,assetId=33VHN7FG1TLHM6QNLSRNE9FTRO&assetId=BHYZYWQKJENFXK7HQLCKC5441Y&assetId=FYTHLNJRY4DDYMQ2XS277MX5V8&assetId=7WHVKY7N94DSX4TZ6E2Q3F6CSY&assetId=X1BVZ1YYYQVJ2FWFYQSPET8NBE&assetId=N2LZZ7GTT9ZLXFHSV5DR2PDMF1&assetId=EMMYX5W9RYG7PM3H719EXJKN5Q&assetId=R6B42PH4QJXB4LPOZDPBWCR428&assetId=2275OC3568W1WR785HTTJR4C4Y&assetId=9517C75O79Z86E3EEK9YR4N4W1,assetId=2Q691SWCO34OOZPZPNZWGWW9MO&assetId=T4152K8R3Q51C4J4E19K57399Q&assetId=9ZXNWYC3FHCNQ69XQFOTFXPRWQ&assetId=P2DEORNCO6G7212MKVQZH7MZ98&assetId=PP6G2EN7D3GNLD59OQP8696DKY&assetId=278DP4PVFQBM99F13Q6VRH94CM&assetId=98LMH5CJOOPDKWFLRGLF2375KO&assetId=YGR2115767M3RZPB36J4ZMZ3GQ&assetId=HTFPODP718HPQPTHMLB8MMDB2Q&assetId=E4VB3J6VPLBRM1QYDM9DZF2X28&assetId=28E1KOKKTYE55EKL368RTMV7YE&assetId=2BNNJ4L3PF86LCK1QGYBVMXDY1&assetId=5RKLNHXHCRZC54CG7B381KYBJQ&assetId=K8VLMRW52RYHRK5VPQQ8RLTTS1&assetId=YJGK6V4VJ6DJF675TZB5OY9NVY&assetId=XVCBJ7YRQFR7S6VQ9G5ML7W7WQ&assetId=1N2O2D3GT4TY4J2VH9MCOK6L44&assetId=S5OKFDFE6QX5YM67SCP6OHZZL8&assetId=RS9WGOCRXTJ433D672VEW9T64E&assetId=JYC5R3FYS82J2G6GSPLJ2SKVZ1
FVG1BL92PLKSFF659LKZC8M3KO,assetId=ES7R9WOJN3QNSYFDWWD5VBOE1Y&assetId=TFJJ45XJ2XOOJ5DOLG8ZYLJG1Q&assetId=VF1QROW82OGDOTE88QSMFX1O6O&assetId=SRVFOLQNFXVLCF75GMRV54XOHQ&assetId=9Q7YW54GKJL5W6YZLE1FSP85VE,assetId=FBYZ98KP9TWYM25WL3KO9R5VOQ&assetId=O8HS7PC93M3WCD49NPVKVR81EM&assetId=R1CCEDDMG8GSN6W5SOOLB78794&assetId=K964SFVB5CNOQLZ9HFMXO6BHV8&assetId=HXV4SRV9Q7WO4SJJ7O4H65PJDM&assetId=92P2VOS614N9VNQD28ENKYKE88&assetId=HEBR98WYBKTL9D5CGXCJ5GZ261&assetId=6HWJXM49XFRRVJNWRP8NPDNCT1&assetId=Z9F71MEJ7PVCO766DZWBSOS13O&assetId=4ZT4G6VD7KSBTBLHKRDBNZRDWY,assetId=KZZSJEVEDWZRV18KBEPZKBOE61&assetId=HEK2ZXPR28OXD9QT24WF955FQQ&assetId=3FVZESTCZ2SECXTSZF5BX94KKM&assetId=K487POXEHMSWT6VQFSCQRCTHSE&assetId=TDCN53F8N8QHKJEBV98G3CD5C1&assetId=PXMTVWF323DTQ5G9R1611HGFVY&assetId=Z64RPYFCMHRDFO3CSEGK77L8LO&assetId=FX7HBQEMQXFWMEKM724LC421P1&assetId=YLRTHYEWNPXEB3VS28ZQP27YCM&assetId=7SDVGR4J5S7QMR5DK1ET8N7M34&assetId=W9B4BYJTWE9VR8ZLCQL5PY5K64&assetId=NONHV1VRG618NJ4MT4XSY8GFY8&assetId=NN98GJ99KJOXH3XLSEJ7SE7151&assetId=4RM5W6MDWM12Q4GZF7F3ZQ4LCY&assetId=O9ZLTGTCH1QX27OXEKFD1RJX1E&assetId=C2FH8CR9EKNMWG9FR1G8M8LVWQ&assetId=8JK5WYPFCX3LZVMV62MVLWRNS4&assetId=P8MZEPWF99LVEZWC88O9FB79GQ&assetId=3EVB7W94QVL2PK5HQO4NQJ614Y&assetId=S7T13E48WZXBBDXMBWK71SWVT4
423KHONEKR1PH4B1CYOO86JW54,assetId=2FWCZFOVDKTNLRMS19VRZE54QQ&assetId=ZYPQZ4XQ3QMTD9KWDY4X39XGSE&assetId=R2NDGXDV7ES2ECCKTOSFNZZ2WY&assetId=3Q28OOXHPSRQYCNG1QTBEKLVGM&assetId=7JOO8VJSL6B1BOVZGQTSW4G4VO,assetId=MSSQN8MXPWL294F2371517VBBQ&assetId=GJBW7RZ5TOP7X9KV6KR7TV94G8&assetId=WRO3PC3CK6RPQ8VCT61SPPWT4O&assetId=W3HMHGDVB4WV1V6YR3M8872WRO&assetId=1S42WCXFP14KRD7H24W9HBCQ1M&assetId=EGJRGB1E5J63P2JP89V78FKHH4&assetId=RMV25VNFNZJH4Y1DX61O4GYRS8&assetId=6P5EYLRZDPZ8KKDHC3S5ZHYBHE&assetId=X2VPT62DB9MJOJL8QDK6Z4XWRY&assetId=MOK41CD1BDKEYLV85KX5EGTQJM,assetId=1MJ4PQ4ODV5LCGL8E1CO2EV2O1&assetId=3LGHYT28ZSJJ4VLSRW1BT5FMOY&assetId=31151JLKSJJENBY2KXR5Y24278&assetId=BD82QMG2Z9S2M4FODFTTVX79O1&assetId=LDLMWC7M2J3W7EPHWXXHJHYP81&assetId=W42Z64MV9E5NZNQE7WVFLNBJVQ&assetId=PPYT1GBLMBYD5589VSCH1N9DL8&assetId=RFMN7Q35S282JYZR4LKC4F4Q51&assetId=SMGGF2NFR93H1YPPKQ2CH42LV4&assetId=KMOJYQSXXW9LSLBKNGMVTKL5WY&assetId=GS4OQVN37Q1YQWTTK2FTCVP5M8&assetId=BNNE5QLZ36MFQRQ2HPTJHPLKJE&assetId=FDTMFMNSRQ4K7S9P41WPE19JQ1&assetId=RTTYJCVZYKH6BFPNTRSBZ9GTEM&assetId=3JGWQ81SWLJELX1C31J117QRYY&assetId=ZL7EF64TESCMDYJOG7GTVHS12Q&assetId=WS4RX81VDWBZ3FNXN8VTSG8DNM&assetId=HKDF1MCEKLG2X2KQ91MP7PPF2Y&assetId=7G9DDFTERM1WDOQ917E5XMHX3E&assetId=YR41KEWEBKTD17F8SDEHQR2OZ8
WCKG18EQDVPB34EOM4TEDD88H1,assetId=Q7Y1GVH5KBSOROLHTFHSPDGC7E&assetId=KLOTW2WVGWOGXMORF2P7C4GGYM&assetId=K7K55L4T7RQ6YF69FYBQJMPBCQ&assetId=ERX939BXPOZOMTDMTDTNQNE9KM&assetId=KF9WBN8WGQXGM358CP22HTG11E,assetId=WE19PKJ8MN6FPR63XV8O2KFGG4&assetId=39VT8XH2XQS8XHNWY7F4E9V511&assetId=CT264Y28FN9TFPM35HJ22WRN5Q&assetId=1YMHOKRDTKKCKWO9Y6FH3SWGX1&assetId=FD7MQ4P5VYNCN3LSWPDX1MKHP1&assetId=VQFKN2765R2ZM8C66HH1W9HGFE&assetId=EHF4XVYVMY7KV3M6CJYME52VOM&assetId=Y9MOWR26P8N6K4G5PS68FKMLPQ&assetId=RV4KGQK132YCCGLD1V8GX76C8E&assetId=Y7LBGXGS6QRH72X9Q19BDTCLQ4,assetId=F3OCJQRWLTPE3RTHTQY1M4HZLM&assetId=T64LFKF3JF4SBB9MJZE6SQDPCO&assetId=2CKJP47ZYR88VR8THD692LG4BQ&assetId=M6X6SBZ98S3RQZ62B3YMM5D7TO&assetId=W4C8VHFGGOGLV71FSOOZLRKYX8&assetId=M8S8VTGM6GGX6S44E73BP219YQ&assetId=S37SCGJCOCB3LQ155B8JVOS1V1&assetId=LLPRNB3C2X7W7C5WOXQT9Z2WW1&assetId=CERGYKD46TRNXTVWLHQF9EP8LY&assetId=C14P95O1VBZFE4ZJ8P2W1KHYMY&assetId=K5B3TWG6TE35RZT1COBOR959LY&assetId=END8FHV8OHYSM8MY8FSTMJ56OE&assetId=SJDWN7YPZPS7HE2EG3S9VMS9GQ&assetId=OTS88HTPNKT126KGFLBF4JN134&assetId=1EEX96D6TZPMOKPOKF7O5WWBQQ&assetId=6DLOKGMS8FBEMQY52KZWBH3FSM&assetId=9XHPT5ZOCX3NQN1JJLM22G2FGY&assetId=ESSKSZDM7OFOXS151X71VP1R3Q&assetId=YD41RJY94DYPRH17XM7YYE1SMM&assetId=CDHQ5J3QDEOZO95T2G5FNEHSM1
GXN7BS79ZCT9VV2VEQMSN398F4,assetId=2P4JNVTML2ESKLBM4GWNL8HQDO&assetId=538W78L8R29O27PP5RVK8HKTBO&assetId=BG1D6MHR91LWX8NRSLHQJ947DY&assetId=8EXMCQEF92PL4Q8HQW3V1D3P7E&assetId=5EM4YG12XGTSY6O6EYFSGRRMBE,assetId=OCNCGOV3Y3QFRW47VCWCDFPZF1&assetId=Z1OH2K5ZS1DY2P2HX1Z586STE1&assetId=7DB6DRXJL1OS7ZKG1RWE29MWDE&assetId=Y9TC7KDDVNHDMKPTLYCZH19YRY&assetId=R1P4V86M7W6GM7LWTNLBYJTKQY&assetId=DCT9ZD3E1BQJDOK9HP5ZWTOBH1&assetId=EJFJ3RBWVE4VK42YZQTB6RV2OE&assetId=EYB3LVL9WLEONG8RY1SZT5PRY1&assetId=VLCT6QMZ8RSYOZMVSMYOGS1NLE&assetId=F6QGK138WY8GV6679RZ49OZQW4,assetId=KZ84FED78KSKESHCMHRVV4W331&assetId=E1JY1NJRNN6E66TR579K2X6MDO&assetId=NJK29Q6FRJNBRQ5QX2BHP7ZCX4&assetId=GFNLFOF4J9ZYYQLKSDPFD7FM3M&assetId=J4F1JH8NK8B861MWHXT8HBEZH1&assetId=8SB7SNZYEG4V1QMT4NT8SPRLLO&assetId=GL9QNZMPHX85DR3SDD62PRPT7M&assetId=5WWDX8J4ZWG6KFZH11B3F49HKY&assetId=4XBFDCRKCNTVMOSO7YLB51G72Q&assetId=MQ3LJ71N7L8DYDTF6MO1OOOFJ1&assetId=7RLHXRJXR3CHNE79KW1RC8CL14&assetId=NOKGQB4G7N9RR1R62TGJ7B257Y&assetId=VBP3WYHFNM2QR6GZ92KMQF1RCO&assetId=YR1E7Y4F6OEXMEFJM6NEPPYJ3M&assetId=SO3REF5MHT5NMBK6O41D1RVL84&assetId=2MJKKQRSY53H2DHDO3P66HYJ64&assetId=TQTENDOPR61EWTPN8ZW8XSVD64&assetId=3ZL2R6XJ38XON3H13BJ2OPRMP1&assetId=ZEZZZGHWDHC2LQMY4FBJQQT5EE&assetId=WV9ZBOP755HKCVPYQKYOE6DNSY
Y23V2WYLF7WETNCDWHZP7G4W71,assetId=2NWQOGV7XS1GF551JSV98B4WZE&assetId=F71HQYTVGX2125YM72T6CQ5G4E&assetId=RR88O1HZMVFEQSSYDK2BYXCPY8&assetId=DV2Q9HMQW1RF5EBPKV4C6VP3L1&assetId=DQRGCF7HWJ5RT1PGBCEP6X14C1,assetId=ZL67OMBHCQQ7CGKSVQC4Y3HJRQ&assetId=7LQVGRPSEVWVFE7SRLBQD4VBC8&assetId=F3M15384VR3TELGDMO761PB9XY&assetId=C2TVEJHTDZY9VY8EK6X1FY3C2Y&assetId=LJGX61BYCCCBE4B6JW63XG2ERY&assetId=ORHJZFDCZHC81YDE9S9NGBYGQY&assetId=NC5VO3HBL319HHXV15LCGL3VH1&assetId=HJKHCS9REXBBTR7C2OF6C4SJCY&assetId=R3VF86XFHRW9Z14FK1RJP3SR24&assetId=9Y63Y38PR4GL1HHW9QGSPL5TWM,assetId=ZEX15CQHHON5F1WOFHMHFKMP8M&assetId=JOSSBGPKCXFJ85LJFREY6EJK9Q&assetId=7LJ8LLLQH7QXEGY62EVCEVQMQ4&assetId=CT7W4C4MGXQC6X5KCLBFJB63JO&assetId=VVPW3PH621FGQKZNYSWR5P5WSO&assetId=3NF4PVC74MRLFDS5SSGVXZV9D4&assetId=OS7HTKNVKYDRSGCVZJVLN85531&assetId=NW5JX6JCZDD6PXWSE7SPQJBJQO&assetId=63Y272POTJ8JQ5J7GGB1YN7V2Q&assetId=9HB4ZLHQ9KW3XX1O4B5X2LE9ZM&assetId=244ERSGDBOSPWD49FFQVEWBMB1&assetId=YP6K7ZVB3HFK2VXKBYWV4YKG8Y&assetId=GCY1J4H4BPGDRM6GNZBCJMO1G8&assetId=W17XZCMRJTOBMC59PPKD4SN2HE&assetId=J9L7C9E2XOXXZSDCQCYPXRH9S8&assetId=KTMHPTW5V1BXZ6J4QPP9JQJ88Q&assetId=OO388LY8G7QYQG6DKMM3KNJMJ1&assetId=8YHZNJFN9MF6M8M6NVKQ1NPKW4&assetId=HPKH4HHS7HE8Y7DOYPMYN7N67Q&assetId=DK7ZNDRS4EX5GPLQ2CCKWNGMD1
DOD58318Y6MY74K73WDMQYMVYM,assetId=9GDC9OKRS2SQCG9OBERC8Q3ZE1&assetId=SY6RLYCXB7GRHPMGGCZ3YLNEBY&assetId=VCNYRHDTLVMBZ3OSFCTLBZR2SE&assetId=5ZFO1B5MNSXXJE831H3RLYMW81&assetId=GZEYNMHQ4HHQGHFZ4NQCMVRPFY,assetId=4QP1EVCL1D6HBWJZFJ7BXXR16Y&assetId=88HL9SR6KEZNYYLXTWCJCQF9C8&assetId=ZQDD1P64VS3PCXWDRRFTBQ5KB1&assetId=HN7M2F1VLRYCGVC2TEEVLYTYSO&assetId=EG9GCF8YY5F51GYPYVW4W53RZQ&assetId=CTHVDNCHKHEN34WK2TSZ86S7ZQ&assetId=776JRWWM4XVK8FZ85BDZD7RD38&assetId=MVM9NDKOXEHF5BXZXJCKCTDCLO&assetId=O82ELFC9D4O9KQYPQXXQDW4JGQ&assetId=K6W1RJXW7HEY2NZ4M9GZF64DYQ,assetId=Y2KYT7V43Y1BEKMTRC789Q3FJO&assetId=GN699FOS2O1D67MYOVF6ETVH1Q&assetId=4QFOMGL5VXBP2KEWNMG7W63NWM&assetId=Q575CXEJJRY6FN7CYCG8NFQZBM&assetId=38OXFW18TQ38C2D63HLZH66771&assetId=RPZHS4CK8VB62E5K1OB5RQ8G9Y&assetId=YBY8PYJS7X865XJZ6VYBNEVGQY&assetId=GOWSZZ7QQZKFV9V7SXLT458WYM&assetId=OMLXLQFH4F3KBFXVJD9N23DZWE&assetId=DXJXX3XFFJD2K7S9EMHSSZ5DS4&assetId=PJP7W5PW1PMTX6JJZP4VME2ERE&assetId=6Z1EK3C5MWPODCYRTW46C2HSW4&assetId=DGGMMZS8T58HJBLZVBBX7CCCC1&assetId=B476R156QR19HWTSVK5488EYX1&assetId=8WLTFJYF848GJ28L6QBXFKM69E&assetId=6HX956OWK1SB1BDHJSJZY7L8BO&assetId=QO6TO46FO2GRPO79ZZXZ81NS38&assetId=2974Q4KX9OZNJLWSWXTMZCTPBO&assetId=3TECLYBEHO7WEB4GL7OD7PRK88&assetId=WWE1HL9YEY9DJK78KWY9SYN73O
ESF7EHX34RR5TEOCQ61BKOQ6C8,assetId=156M3CM2GSEVM1QD1C5WBKVF91&assetId=QHJGBCY1JCOE64LYJ3PLEK3DT1&assetId=B3P412HNS4J9GKZ8WQ9W16NXCY&assetId=2EPKLX5LSM6R832P2VGCFXLTT8&assetId=NJ1X7NC3QXEE4GGVBN521V6ZK1,assetId=HDCJ2TZRRENDTM9RKGB611T8PE&assetId=ZDN82EG96RXV2O4B6GD9GR7QY8&assetId=996MGFLB2ZRVBDK5H25843K44Y&assetId=Z4KK2955LWWJ83DCEYE5HPSSCM&assetId=LHPYDEPJVP686LLEG4L9ORZ9QE&assetId=LELTLWK3FLE1TG9GMMP986H4FQ&assetId=6BN9E1SPYBNS2C38WP5QWKNT64&assetId=HDK3NBEVQXTT4R83JP5FH1NY81&assetId=R7CZP68XP3N2OFT2NBHBGNOCQM&assetId=BCOLBFNSFK536JVKZKLSMKYJY1,assetId=DG23O18LQKYGF22FO57WZMNVC1&assetId=ZRBR67ONGMHP2T8WN2WRF7BPS1&assetId=MY35MXENMSXMLCF7GG5Y4VW49Y&assetId=W4YLT6WLWOLQ2LDOTM8HSC3ZHO&assetId=2WCMC1V1E9E8R43YB8QK5Y452Y&assetId=TTZ4Y1W59NBTEV4PGPW56VD3RM&assetId=Z1OGJ3SB3PT31XR54M2YJTCYOM&assetId=QRVXHFB61GS2MO57LRLQZFKBWM&assetId=7T7OSNKTHSPO56VNNKGGE8SZ3M&assetId=M4TVWTG8BREZBGN9QENGORF9GM&assetId=BE5VGFBFN353LWV3JVGFOV7N3Y&assetId=MMMTGWB1LYOXTLHBV7GBF8GZE1&assetId=V7J7S23YFQOGNT7FFD89KT4OVO&assetId=13ZB3X3892XSXXCK6QB51Q5C3O&assetId=QMGWRK9ZXSRQSXL9VXN25R1X1E&assetId=R2KRGT27CS9JSPTQG2L1MWB4J8&assetId=82FSMRNBT15MRDMQSFMXZDVB14&assetId=DLBVBZX117Z3OBKWW1DGHYVNJQ&assetId=QQB8B599SCCMKM4GX5TK289TFQ&assetId=2Y2MOHB1BWNVY4ZVQZLENZ38MO
3F3H7MZ8KBHTEFOBLK6RNRZ92E,assetId=7ZMQED22OW21QPVX32GPKW4NQ8&assetId=WGOK511JWBYGGFORWYY27V8MDY&assetId=WDGQF5GMVYQWBSH31MRCS6VTQM&assetId=SJRQ6LNXT52K67HNBQ59VSZWQQ&assetId=TEDFW1J26TBJCRQ35P46N9D99Y,assetId=NVXHPWOLDZS2BTR32SH1JC21YE&assetId=YKH6N8JT7ZWYSX758E6XP4JCT8&assetId=VLQMZ7NSNFNLZW6HKBQTYPMM81&assetId=35DXFSTGGLG75VD3O9B8Y5EWHM&assetId=D2JCYQ1L8LNWPPH26YKZRZ91RO&assetId=MBQYPPE3DQQHV4TM6SG4Y2M1F1&assetId=BMYR3NJMZQ8PHMNTEYSZPELQW8&assetId=LVCB18EPM76D4387X5HKOR5RHM&assetId=YEGYLRS9YEKHRZW5CQ1PCDMQGY&assetId=C5PRGGMESX2FZKC8G56SMVZ4CQ,assetId=BVZZ441KC7N5PZKL9JN35R92VE&assetId=RV28X162XEX7TMJGNZ3BNLF9BE&assetId=FOZMJ5KBX89LK75ZEZ6RQZFESQ&assetId=X1TFZQH8YGEW74PKZVJGD76CB1&assetId=9LEZRGWXEWESRTT24FJQFLF8YQ&assetId=SMTRY7NZGK9MFP8VY2X7OHQGSO&assetId=NY191BPCX1TYOJRK8W75MYFZGQ&assetId=WKL51Y87M9PH1WZRPL69MP845Q&assetId=16WYFYTJQ8FZOQVGGEBQC3EH68&assetId=X9JDV7PO3S7C6PCMO5HGY3KGG4&assetId=ZQ19XFC3XJW21VGM7FVFB4GGKM&assetId=DT2R4P3DRT6EVOLV3C4V8VB6CM&assetId=49Z83G52Q7XVLBH11BLTG8ZHL4&assetId=M6VL7VMDSLKFHPJW5MEDCGZHRE&assetId=QRCPSR68CHS94LFBRT5OSS4TGO&assetId=BEDY2TJZOXEQVEVMHHECOJXWHM&assetId=O6TKKZWFWBW2XK8LX83FF988EE&assetId=1XBTD9KSC9O76NLC343XX3W534&assetId=SN5LTENS8HJONBHQ47K4MY6Q21&assetId=KKEJHEEPRHJ488PNBL2T33XNNQ
FHT5JJ2OKMX9DT5G1WF6K2G9HO,,,
HPHR69M2SCFX82QWDEYKEWC2CO,,,
9OTF1COLMT8NYXW23L8S646YPM,,,
6L11GL2XBSL1SNYBZVEBWXC7NE,,,
C3O6XJPVPFH1KPFJY5QRGBJ15Y,,,
HOWDROPTHC37DMWWD88SW2Y3O8,,,
27NQ9DQD5VLXPDSCF6ZYVCQM94,,,
P2Q3RFRL42CGSO8S2LBOPRCO4E,,,
55YL54YQVJKZ3C8YRYHJ12P3SO,,,
DG7DYQ7NM1OMTOBCZM992PCJ1Y,,,
CVSKNJ6NE9WYTCN93LKQV6VP5M,,,
VBXY1RBR26XFMNZZXOTG8WCKH4,,,
MSXTMMJ1HREVDB7TMVVHD7VLMO,,,
E9OT6WEPPGR7XKCS5W3LDPPZQY,,,
VXL2PERMX3BYRCFNFY5NEZ12YM,,,
8PLT563HZBL691N3RBFFPYF8FY,,,
BB2E6X7WFZ7P79EN16FZYMNROQ,,,
MJ466W6LXO54JG2ZMSDYTK7FNM,,,
4D46JMWTNTSXXM3GWKEO79HZWY,,,
R4F432ZN2JYF18ETYFRC256Q5M,,,
ZJ6VMD51LPEM62T7Z8W84EZWTO,,,
NQSGMK5WOEK3WPL2BZYD2N7FFY,,,
961KQNOZBLSY6KP2BLS332QM6Y,,,
1NL3WDZDR4HCSYM28HTWJDEG2Q,,,
TF2C469NPFK3DO174YJYHDRXXQ,,,
6CJ665D3C4RTCH5VE84XOY2L5Q,,,
F58YFBHZL4KV5LP7SXSQF7Q42M,,,
YWYVPK577PZ67ZV8VHSQ5L7JBE,,,
GQ2N1XBVEK7YR6HZOLKY4QJ2MQ,,,
QWTJNLP81Z3V1DKONRVZF4FTXE,,,
XT11Y82NODH3EKZRWMMDHG3L9Q,,,
B7BXHVPP9DDXJ5XP5ZLC4QOO14,,,
G5GHZLD6JP84D28OC9YBFWQ2P8,,,
N63GD2Y5LOCKDM475BW22BHQ54,,,
SJ2XP4MQT3Q226EXOKXLW16JHY,,,
7CDXC6OZ2QM2MWV7R65ZPTR4PY,,,
SJK3B2QDQM4SEVCFCJVP3NY2SE,,,
EJQG9N3T1QJDNTKH9B3ZOOJYDQ,,,
KDWEDOYEXMT53KH11WP75JO3BO,,,
EENKJNOBLCSRFL5ZWNV9HYSV41,,,
ES7R9WOJN3QNSYFDWWD5VBOE1Y,,,
TFJJ45XJ2XOOJ5DOLG8ZYLJG1Q,,,
VF1QROW82OGDOTE88QSMFX1O6O,,,
SRVFOLQNFXVLCF75GMRV54XOHQ,,,
9Q7YW54GKJL5W6YZLE1FSP85VE,,,
2FWCZFOVDKTNLRMS19VRZE54QQ,,,
ZYPQZ4XQ3QMTD9KWDY4X39XGSE,,,
R2NDGXDV7ES2ECCKTOSFNZZ2WY,,,
3Q28OOXHPSRQYCNG1QTBEKLVGM,,,
7JOO8VJSL6B1BOVZGQTSW4G4VO,,,
Q7Y1GVH5KBSOROLHTFHSPDGC7E,,,
KLOTW2WVGWOGXMORF2P7C4GGYM,,,
K7K55L4T7RQ6YF69FYBQJMPBCQ,,,
ERX939BXPOZOMTDMTDTNQNE9KM,,,
KF9WBN8WGQXGM358CP22HTG11E,,,
2P4JNVTML2ESKLBM4GWNL8HQDO,,,
538W78L8R29O27PP5RVK8HKTBO,,,
BG1D6MHR91LWX8NRSLHQJ947DY,,,
8EXMCQEF92PL4Q8HQW3V1D3P7E,,,
5EM4YG12XGTSY6O6EYFSGRRMBE,,,
2NWQOGV7XS1GF551JSV98B4WZE,,,
F71HQYTVGX2125YM72T6CQ5G4E,,,
RR88O1HZMVFEQSSYDK2BYXCPY8,,,
DV2Q9HMQW1RF5EBPKV4C6VP3L1,,,
DQRGCF7HWJ5RT1PGBCEP6X14C1,,,
9GDC9OKRS2SQCG9OBERC8Q3ZE1,,,
SY6RLYCXB7GRHPMGGCZ3YLNEBY,,,
VCNYRHDTLVMBZ3OSFCTLBZR2SE,,,
5ZFO1B5MNSXXJE831H3RLYMW81,,,
GZEYNMHQ4HHQGHFZ4NQCMVRPFY,,,
156M3CM2GSEVM1QD1C5WBKVF91,,,
QHJGBCY1JCOE64LYJ3PLEK3DT1,,,
B3P412HNS4J9GKZ8WQ9W16NXCY,,,
2EPKLX5LSM6R832P2VGCFXLTT8,,,
NJ1X7NC3QXEE4GGVBN521V6ZK1,,,
7ZMQED22OW21QPVX32GPKW4NQ8,,,
WGOK511JWBYGGFORWYY27V8MDY,,,
WDGQF5GMVYQWBSH31MRCS6VTQM,,,
SJRQ6LNXT52K67HNBQ59VSZWQQ,,,
TEDFW1J26TBJCRQ35P46N9D99Y,,,
